step,E_NQS
0.000000000000000000e+00,5.616220095066381646e+02
3.000000000000000000e+00,5.616117218791421237e+02
6.000000000000000000e+00,5.616022898058271267e+02
9.000000000000000000e+00,5.616020872739923107e+02
1.200000000000000000e+01,5.615890402109317847e+02
1.500000000000000000e+01,5.615868043550107132e+02
1.800000000000000000e+01,5.615804851175694239e+02
2.100000000000000000e+01,5.615762822418049609e+02
2.400000000000000000e+01,5.615721777596802440e+02
2.700000000000000000e+01,5.615682337272442055e+02
3.000000000000000000e+01,5.615647322054563801e+02
3.300000000000000000e+01,5.615614080219693278e+02
3.600000000000000000e+01,5.615583139412664195e+02
3.900000000000000000e+01,5.615554052463168091e+02
4.200000000000000000e+01,5.615526400982865880e+02
4.500000000000000000e+01,5.615500022825541464e+02
4.800000000000000000e+01,5.615474789434124432e+02
5.100000000000000000e+01,5.615450542808039245e+02
5.400000000000000000e+01,5.615427167060240663e+02
5.700000000000000000e+01,5.615404548565331879e+02
6.000000000000000000e+01,5.615382601176484059e+02
6.300000000000000000e+01,5.615361247844627997e+02
6.600000000000000000e+01,5.615340427460520232e+02
6.900000000000000000e+01,5.615320090045639745e+02
7.200000000000000000e+01,5.615300191861826988e+02
7.500000000000000000e+01,5.615280699963457209e+02
7.800000000000000000e+01,5.615261589149170049e+02
8.100000000000000000e+01,5.615242837999644507e+02
8.400000000000000000e+01,5.615224428265985352e+02
8.700000000000000000e+01,5.615206344929647457e+02
9.000000000000000000e+01,5.615188575103932180e+02
9.300000000000000000e+01,5.615171107611039361e+02
9.600000000000000000e+01,5.615153932523620597e+02
9.900000000000000000e+01,5.615137040664816368e+02
1.020000000000000000e+02,5.615120423404558778e+02
1.050000000000000000e+02,5.615104072614038841e+02
1.080000000000000000e+02,5.615087980704307711e+02
1.110000000000000000e+02,5.615072140518473134e+02
1.140000000000000000e+02,5.615056545181170122e+02
1.170000000000000000e+02,5.615041188077423158e+02
1.200000000000000000e+02,5.615026062878771427e+02
1.230000000000000000e+02,5.615011163506017056e+02
1.260000000000000000e+02,5.614996484099151530e+02
1.290000000000000000e+02,5.614982019028923332e+02
1.320000000000000000e+02,5.614967762883763953e+02
1.350000000000000000e+02,5.614953710508181075e+02
1.380000000000000000e+02,5.614939856883399898e+02
1.410000000000000000e+02,5.614926197232708773e+02
1.440000000000000000e+02,5.614912726939867298e+02
1.470000000000000000e+02,5.614899441616929607e+02
1.500000000000000000e+02,5.614886337008886130e+02
1.530000000000000000e+02,5.614873409064538237e+02
1.560000000000000000e+02,5.614860653866415987e+02
1.590000000000000000e+02,5.614848067719914297e+02
1.620000000000000000e+02,5.614835646987498876e+02
1.650000000000000000e+02,5.614823388260625734e+02
1.680000000000000000e+02,5.614811288254662713e+02
1.710000000000000000e+02,5.614799343755934160e+02
1.740000000000000000e+02,5.614787551756922994e+02
1.770000000000000000e+02,5.614775909374980074e+02
1.800000000000000000e+02,5.614764413736046436e+02
1.830000000000000000e+02,5.614753062216035460e+02
1.860000000000000000e+02,5.614741852201053689e+02
1.890000000000000000e+02,5.614730781281766667e+02
1.920000000000000000e+02,5.614719846932937344e+02
1.950000000000000000e+02,5.614709047006059564e+02
1.980000000000000000e+02,5.614698379190567721e+02
2.010000000000000000e+02,5.614687841346825508e+02
2.040000000000000000e+02,5.614677431516072375e+02
2.070000000000000000e+02,5.614667147620248215e+02
2.100000000000000000e+02,5.614656987782640272e+02
2.130000000000000000e+02,5.614646950192229724e+02
2.160000000000000000e+02,5.614637032979487685e+02
2.190000000000000000e+02,5.614627234492528487e+02
2.220000000000000000e+02,5.614617553011145219e+02
2.250000000000000000e+02,5.614607986920053690e+02
2.280000000000000000e+02,5.614598534686748508e+02
2.310000000000000000e+02,5.614589194709343474e+02
2.340000000000000000e+02,5.614579965606880023e+02
2.370000000000000000e+02,5.614570845891403224e+02
2.400000000000000000e+02,5.614561834087178340e+02
2.430000000000000000e+02,5.614552928927035964e+02
2.460000000000000000e+02,5.614544129029522992e+02
2.490000000000000000e+02,5.614535433088673244e+02
2.520000000000000000e+02,5.614526839914562970e+02
2.550000000000000000e+02,5.614518348182115233e+02
2.580000000000000000e+02,5.614509956722691868e+02
2.610000000000000000e+02,5.614501664351436148e+02
2.640000000000000000e+02,5.614493469915311152e+02
2.670000000000000000e+02,5.614485372327447976e+02
2.700000000000000000e+02,5.614477370382378467e+02
2.730000000000000000e+02,5.614469463072825874e+02
2.760000000000000000e+02,5.614461649313511771e+02
2.790000000000000000e+02,5.614453928065083801e+02
2.820000000000000000e+02,5.614446298278377299e+02
2.850000000000000000e+02,5.614438758890796635e+02
2.880000000000000000e+02,5.614431309032763693e+02
2.910000000000000000e+02,5.614423947629865097e+02
2.940000000000000000e+02,5.614416673747452933e+02
2.970000000000000000e+02,5.614409486461293000e+02
3.000000000000000000e+02,5.614402384742724053e+02
3.030000000000000000e+02,5.614395367683563336e+02
3.060000000000000000e+02,5.614388434550720604e+02
3.090000000000000000e+02,5.614381584262605429e+02
3.120000000000000000e+02,5.614374815988704768e+02
3.150000000000000000e+02,5.614368128865955896e+02
3.180000000000000000e+02,5.614361522089487835e+02
3.210000000000000000e+02,5.614354994760745967e+02
3.240000000000000000e+02,5.614348546086431497e+02
3.270000000000000000e+02,5.614342175269916879e+02
3.300000000000000000e+02,5.614335881398026231e+02
3.330000000000000000e+02,5.614329663789643519e+02
3.360000000000000000e+02,5.614323521527114735e+02
3.390000000000000000e+02,5.614317453973972079e+02
3.420000000000000000e+02,5.614311460331686021e+02
3.450000000000000000e+02,5.614305539667785752e+02
3.480000000000000000e+02,5.614299691081134824e+02
3.510000000000000000e+02,5.614293913847354816e+02
3.540000000000000000e+02,5.614288207861693536e+02
3.570000000000000000e+02,5.614282571714173855e+02
3.600000000000000000e+02,5.614277004908134359e+02
3.630000000000000000e+02,5.614271506861859962e+02
3.660000000000000000e+02,5.614266076897387165e+02
3.690000000000000000e+02,5.614260714020576870e+02
3.720000000000000000e+02,5.614255417694714652e+02
3.750000000000000000e+02,5.614250187508947647e+02
3.780000000000000000e+02,5.614245023074150822e+02
3.810000000000000000e+02,5.614239924037731271e+02
3.840000000000000000e+02,5.614234890230408155e+02
3.870000000000000000e+02,5.614229922243753208e+02
3.900000000000000000e+02,5.614225020972359061e+02
3.930000000000000000e+02,5.614220194034739961e+02
3.960000000000000000e+02,5.614215452352424336e+02
3.990000000000000000e+02,5.614210817448553144e+02
4.020000000000000000e+02,5.614206309797630183e+02
4.050000000000000000e+02,5.614201895945375327e+02
4.080000000000000000e+02,5.614197403315740758e+02
4.110000000000000000e+02,5.614192732808662640e+02
4.140000000000000000e+02,5.614188123933031420e+02
4.170000000000000000e+02,5.614183691491766695e+02
4.200000000000000000e+02,5.614179466066802888e+02
4.230000000000000000e+02,5.614175126781060499e+02
4.260000000000000000e+02,5.614170893869443262e+02
4.290000000000000000e+02,5.614166844627993669e+02
4.320000000000000000e+02,5.614162962056218475e+02
4.350000000000000000e+02,5.614159208036028303e+02
4.380000000000000000e+02,5.614155362634079438e+02
4.410000000000000000e+02,5.614151158543512565e+02
4.440000000000000000e+02,5.614146952597483278e+02
4.470000000000000000e+02,5.614143484957446617e+02
4.500000000000000000e+02,5.614139587669632192e+02
4.530000000000000000e+02,5.614136079824199896e+02
4.560000000000000000e+02,5.614132187233407194e+02
4.590000000000000000e+02,5.614128378113623512e+02
4.620000000000000000e+02,5.614125045126839950e+02
4.650000000000000000e+02,5.614121480525451489e+02
4.680000000000000000e+02,5.614117753882763964e+02
4.710000000000000000e+02,5.614114136695585557e+02
4.740000000000000000e+02,5.614110815751979544e+02
4.770000000000000000e+02,5.614107511045209549e+02
4.800000000000000000e+02,5.614104118216157531e+02
4.830000000000000000e+02,5.614101032757591838e+02
4.860000000000000000e+02,5.614098053584048102e+02
4.890000000000000000e+02,5.614094763273277522e+02
4.920000000000000000e+02,5.614091593000341618e+02
4.950000000000000000e+02,5.614088625138967927e+02
4.980000000000000000e+02,5.614085492532831267e+02
5.010000000000000000e+02,5.614082434986495400e+02
5.040000000000000000e+02,5.614079562552867628e+02
5.070000000000000000e+02,5.614076632141858454e+02
5.100000000000000000e+02,5.614073750558121674e+02
5.130000000000000000e+02,5.614070989898215203e+02
5.160000000000000000e+02,5.614068041000906533e+02
5.190000000000000000e+02,5.614065403150849534e+02
5.220000000000000000e+02,5.614062554127126532e+02
5.250000000000000000e+02,5.614059777209621416e+02
5.280000000000000000e+02,5.614057147809893422e+02
5.310000000000000000e+02,5.614054705172943613e+02
5.340000000000000000e+02,5.614052381430108198e+02
5.370000000000000000e+02,5.614049664557699089e+02
5.400000000000000000e+02,5.614047266882317899e+02
5.430000000000000000e+02,5.614044511498115071e+02
5.460000000000000000e+02,5.614042661924628419e+02
5.490000000000000000e+02,5.614039839407191721e+02
5.520000000000000000e+02,5.614037391685644707e+02
5.550000000000000000e+02,5.614035176661388959e+02
5.580000000000000000e+02,5.614032934204682306e+02
5.610000000000000000e+02,5.614030497005355755e+02
5.640000000000000000e+02,5.614028836831586204e+02
5.670000000000000000e+02,5.614026595003095963e+02
5.700000000000000000e+02,5.614024144689290097e+02
5.730000000000000000e+02,5.614021819922792247e+02
5.760000000000000000e+02,5.614019846467017487e+02
5.790000000000000000e+02,5.614017833978883800e+02
5.820000000000000000e+02,5.614016070912690566e+02
5.850000000000000000e+02,5.614015111484667386e+02
5.880000000000000000e+02,5.614012946848463343e+02
5.910000000000000000e+02,5.614010514248218442e+02
5.940000000000000000e+02,5.614008566131915359e+02
5.970000000000000000e+02,5.614006500446744212e+02
6.000000000000000000e+02,5.614004621976324643e+02
6.030000000000000000e+02,5.614002757218373745e+02
6.060000000000000000e+02,5.614000636766564867e+02
6.090000000000000000e+02,5.613998883066308281e+02
6.120000000000000000e+02,5.613997152223864759e+02
6.150000000000000000e+02,5.613995735921057531e+02
6.180000000000000000e+02,5.613994252988380822e+02
6.210000000000000000e+02,5.613992712704485939e+02
6.240000000000000000e+02,5.613990333789856777e+02
6.270000000000000000e+02,5.613988859499149839e+02
6.300000000000000000e+02,5.613987187930930531e+02
6.330000000000000000e+02,5.613985522648509914e+02
6.360000000000000000e+02,5.613983594392068426e+02
6.390000000000000000e+02,5.613982255701287158e+02
6.420000000000000000e+02,5.613980957856769010e+02
6.450000000000000000e+02,5.613979818195060716e+02
6.480000000000000000e+02,5.613978352676630266e+02
6.510000000000000000e+02,5.613977229922678589e+02
6.540000000000000000e+02,5.613975469361615751e+02
6.570000000000000000e+02,5.613974024370469351e+02
6.600000000000000000e+02,5.613972929114261206e+02
6.630000000000000000e+02,5.613971628609745039e+02
6.660000000000000000e+02,5.613970545116582116e+02
6.690000000000000000e+02,5.613969224722969784e+02
6.720000000000000000e+02,5.613967421502474053e+02
6.750000000000000000e+02,5.613966248743405458e+02
6.780000000000000000e+02,5.613965070298228284e+02
6.810000000000000000e+02,5.613964072311894142e+02
6.840000000000000000e+02,5.613962508722692064e+02
6.870000000000000000e+02,5.613961295800146445e+02
6.900000000000000000e+02,5.613960127774948887e+02
6.930000000000000000e+02,5.613958837520684710e+02
6.960000000000000000e+02,5.613957884478883216e+02
6.990000000000000000e+02,5.613956701027236704e+02
7.020000000000000000e+02,5.613955580956040876e+02
7.050000000000000000e+02,5.613954753364845374e+02
7.080000000000000000e+02,5.613953844155324759e+02
7.110000000000000000e+02,5.613952689921344472e+02
7.140000000000000000e+02,5.613951523268565325e+02
7.170000000000000000e+02,5.613950808932066820e+02
7.200000000000000000e+02,5.613950370549237050e+02
7.230000000000000000e+02,5.613949138299681181e+02
7.260000000000000000e+02,5.613948392133420384e+02
7.290000000000000000e+02,5.613947410850012147e+02
7.320000000000000000e+02,5.613946508920209908e+02
7.350000000000000000e+02,5.613946333640890316e+02
7.380000000000000000e+02,5.613944619172390276e+02
7.410000000000000000e+02,5.613944518052680905e+02
7.440000000000000000e+02,5.613943742996347055e+02
7.470000000000000000e+02,5.613943121955124980e+02
7.500000000000000000e+02,5.613941298693703175e+02
